{"version":2,"hash":{"type":"Buffer","data":"idkgm28qE9gwSevMz7xse2+4Jt7FoYK5G5BwX0nOO3xQaeFlFVz2JrKS68ttBQQHNdIilF+L8zFqVGRHTQLlOI3sPj5e917p4Df5tfDJkGuoCe/t42sulusToqMI8BgUNuyHxF0XUSJzVNwadPPQBv3kcY6j7DGoIkquhgV6+hc="},"indexValueMap":{"731j0zsWEDIzgfZ9Xuc+wGUYMARyobVWmvMWc2DkHRA=":{"valueMac":{"type":"Buffer","data":"bGKZusjm4TcKD/QBXMwxH4i7DLiveyJpX2WERzwmvgg="}},"xF7muqSiySmFixpezcySPI9rcs9EyUu1PK8o8TKDC/8=":{"valueMac":{"type":"Buffer","data":"R7qP9F7MR/uBhtmlWNGuMTIK5AQW2A/7LU5eZZLNNc0="}},"5ZWOxMU1CIKZcDZKcb0iBCQBoO9P9K+/CxZEBs+jL/U=":{"valueMac":{"type":"Buffer","data":"6PDDjOJOkBkmN7a6sJVjH07SLDUR5EX8QC5uY0FBlDs="}},"rBkO3v5OhE9BFpwQqFfYTZ+rGtjwjpMO75AkYUvvMT4=":{"valueMac":{"type":"Buffer","data":"aDANj+/vvlxYD5gUFxm+1fhJAUqWTn4PgN3zSfBM70M="}},"mkBSOvl50X7T8gLbWwL8L/ILFQsrUJrPB3efh0zxYXc=":{"valueMac":{"type":"Buffer","data":"aw4EqNJXz+Q4e18a1fq2jDI+z2IrQGq3ybI/lC6aSBQ="}},"zD8BPYS+KygIUZKKUNYc0DUkaI7QrXNCBf7Pr6W1IlQ=":{"valueMac":{"type":"Buffer","data":"sdHyJcGyCq3HEi/uMl4nJ8LqqwpwmBz9vS9++mh1708="}},"jceckE9ZPxXjWdfL369HSAAtOKGi0VvaJgHuHNJEFHU=":{"valueMac":{"type":"Buffer","data":"jruv+kNN8ve0QnD8baIOdtEhLt3xBQn309DaL5gYYZU="}},"XSAx74CR2pE0Ql6xpIZbRkI1OM09wgf6evyiPwXzeFo=":{"valueMac":{"type":"Buffer","data":"uhF3jJGHTVMVr8ft7z/1+KoI1zQW824V7hWIalwgBcM="}},"sWYG4oRiRjhzmKL0BVzlrtsHRS/JkG9YNdX1+dMVsuY=":{"valueMac":{"type":"Buffer","data":"xOO3XDSgLmwaYg660BY+6j+gbIS6pvpPK4BbuOKGIQs="}},"w88e4tyhB2yeDN4uyF1VxjPlxFI7geJm+BqtJg/lSMw=":{"valueMac":{"type":"Buffer","data":"OUHCvJkQJwtwBj+riCQ+N0rc8VumX16u+hFHtifkdsg="}},"NMvSOfRkkHD1R/4mVtXx6QQjQJ5vVOwjNpsLJ3st59g=":{"valueMac":{"type":"Buffer","data":"lT6vT2NbrawAczIpCl2+Hzm0n4zmK9kAoxNYPRpvNV4="}},"I/RPuwUkE4LS6/axYxrvuy7rT7lUwX4Rhd+bzSuhogI=":{"valueMac":{"type":"Buffer","data":"uQbnwyr3FjFdq8QUn/i99VOuc/mZpC6qQ3c91kzeE2k="}},"7XzCTzyTYcf9DVzl3c2tTTB2DrbfVZldZK1L6o61Ci0=":{"valueMac":{"type":"Buffer","data":"e0MXmLoUtuWWCzZ/6HjURHlEDkF0hBLeWOqKmNvPxvw="}},"NxBO+ymvHzlcU31XbVBzvlqcGP0KpHaM+CCaBF8x74U=":{"valueMac":{"type":"Buffer","data":"LJPhDeu20xiu268e0QsshTNdUwF0OedThpJhtCqYCyk="}},"QBZiwH6CU1tGEingjWyI/MsCS3Mpqz89Vj2Id3GXlAQ=":{"valueMac":{"type":"Buffer","data":"91rYXo6IBvNSAv3COagbR4/16fcR8oDS2EmFLYEOzng="}},"zEby6YEjzCz8MA/4Y7eOW3J+0O1gKSIkOIqRc64CtXc=":{"valueMac":{"type":"Buffer","data":"kMPltGeEqyHhmIuKe2ImFn4siPRG7typxooEE9DjZSM="}},"u653PNlTr8K+3WJ26Hy2bhZwyO8Iah+P3W4wQcbO6UA=":{"valueMac":{"type":"Buffer","data":"ewt2z2ncLykflan5ahhYN09XmUguHc16dVhcJ0bGOlQ="}},"3nJ0f3L3fYdSjAB5NtEKBIv10tshCUyeCs6IYhpW0UE=":{"valueMac":{"type":"Buffer","data":"BAu2pa5F5xFQLG2WjhwYHxF0ozPveg1Z3R4R6fwGN/4="}},"5+sGN4V60ZXnYXqM+evrB9x7QiUy4tynU160JOHSS9w=":{"valueMac":{"type":"Buffer","data":"GYYU8580KdlDnN1UVkA4NLQapdDu/8NLIGt8a0uaPiY="}},"hZslRYOhEemY+cahF6f4Xr5WggCir7rF8Asx7xsxZlA=":{"valueMac":{"type":"Buffer","data":"yXr9NU4JT8g3B8lfUis/jHS5st06vvZalnY7ejt7zMA="}},"dUsUwG+K7so2UhXtFu5F5PDYpTFM/bli2BPlRuGwmiw=":{"valueMac":{"type":"Buffer","data":"+tNRlnIMeyDrl0S+CilOeqCxtoMnK7TGilP+Kq4DPRI="}},"s1aRXtRDbBhaplGblkGoA++CpIwuiM+R8akcVW6YpFY=":{"valueMac":{"type":"Buffer","data":"LHOUUIg4Fviw1r92SRAjFcp+AuRqmWBQeH3VnY5n1j4="}},"SFDsDzJhWmheJT9JlfuoY7SsuGKw+Ouul6C42hvSwwk=":{"valueMac":{"type":"Buffer","data":"1kBWq4ZVO1VwKUhouss9V/H4/Dq2scdEHhzPyv3v4qU="}},"9xPJ6AjeXkQ2Z2T2nnZFGK0HTfE09GvdmGgmBRo2GYg=":{"valueMac":{"type":"Buffer","data":"kPOSFKpcHtRLVsVUGXWRDu3/YldHhQpNYCAV5zzFYR8="}},"pkELHfyI/yfz1R3BBo35VTe85ayN5D3oRWkVwp4ayEE=":{"valueMac":{"type":"Buffer","data":"9H/knvN7oPuc3B9vpMitDuPfM5ykr4i5sf2mbrclx44="}},"H1P7Y7UO+tV3LUCVZulU1UG6hBQm3UdwdQNTE7bLtfA=":{"valueMac":{"type":"Buffer","data":"KKTuhDDCtJozu0DFBDWnoD4DMEd0JGvGExZp7ZhPrXk="}},"A6rvwnCDa6i1pJ6ydbdrB0UJ0yvcABpDxUu5ykjBzN4=":{"valueMac":{"type":"Buffer","data":"jh5onJILSOkmsH2ctl9MkMZJ9/mHnfHtXkTB+s2WNd8="}},"kVl0P+CBzaoUhG3gj8A4raUFHTmyoJUs9Rh1XPrSqLo=":{"valueMac":{"type":"Buffer","data":"FxSXFqgYc+DQrQlMLbWpMCrIBzXoYp7eLH7hderBmJ4="}},"1Y3/ov/kYfKS6gCuOryhKkg1aS+dME9yju1GuNOVAcU=":{"valueMac":{"type":"Buffer","data":"DfcW/WgmTV4aRMntZ3PFbkoygGe3bPn6zdFL+va5HDs="}},"apJse64n+bgkOBrW5GK4girrjIKnhQsdaBZs/GxGebU=":{"valueMac":{"type":"Buffer","data":"C3wVBOM7qja4zlU6F44cQNNjXjcHQ2mErLTzUA/P6Ko="}},"N3kT8jkycRuQ4JPh+cvdEvQg5jvDn/n5deWxCvC+zFc=":{"valueMac":{"type":"Buffer","data":"5SjgPpMIHGHV/JVw0WvxWvtPKqR9zuJy4ac5JMLQjDQ="}},"EtN3PKuMELfR4ZnPwditDz9a+vzjWsUTkHknqRkTF1Q=":{"valueMac":{"type":"Buffer","data":"9qHBOYTPHIrXm/AnSKO8SKYuTKZpSRsb1IeT/HzBo9c="}},"WTRc9zOUJ1Tjto2+dxlimbQwy55E2HH087iybPrVzgQ=":{"valueMac":{"type":"Buffer","data":"qTCzjhomj8v3MIlDrlIWIKESZN/MeY6pzKhp3duigLo="}},"ww6jDGbp8Vuz5ki6siRxRhvB8oP+kumUotYLCIvKH/8=":{"valueMac":{"type":"Buffer","data":"qfmQTN+Uvlw2T+12v6HPPdIAXkoCB/GlfjgDRlKSEvs="}},"r4V1ROXALrX+kRCpXAP0JrLR2Jvua8pz1UUN4ALq81I=":{"valueMac":{"type":"Buffer","data":"vR4syOG4Joyzwpz+P3Ed1yhrg0zu2+rUmmIpLVJT28s="}},"D1OAS55sr/oZ0LIDIDncP+IsKyC99pACYar7vZh3QEk=":{"valueMac":{"type":"Buffer","data":"LOAmk7iJLCQUobQIb8wx2R0EaAYr9KYINMLzf9+uGU0="}},"e/slP+b2850VQ+DZQJo6JhHlXklUtuw14ijwn4Qouns=":{"valueMac":{"type":"Buffer","data":"2TbYjxPUmVcNtXminc1WziVBujlc/KmZTPfdXwMBC64="}},"QDbTvGIvGz6RkNRpKym1mQElq0e/RSTKE6ZQgC0pIlk=":{"valueMac":{"type":"Buffer","data":"t0DCbOoV4TgEj9iJZ6A0AxT8j2JPIkU6svbZcMkqYT0="}},"QbgJbKnSRERn3el9YLIA7x7UTipNklIro4HCVvJaYfw=":{"valueMac":{"type":"Buffer","data":"QXcC/vWWiQPA3uFZVgND6kbtmaQX2yyLFel1VflOpcU="}},"9BVsmhAgXjHW5NKeOpvJYz3RfSiwu3PtaLBVo4IukNI=":{"valueMac":{"type":"Buffer","data":"kYnEJ8rbI77b1wFaKF2yk0jEfHl1JtUDqvaLI5bzdWM="}},"U4ozAZxBzIcv275XFQb5HmNmADrUt8jUusnyJiocI54=":{"valueMac":{"type":"Buffer","data":"FGbktYd1Er5wc/2HGyOIEWt9ZGxMuWQqDMPXOUoE0BY="}},"4QlH0unD3Q6XvP0dzTpvuKlTCxAVkY+RIGJlJj+FbPo=":{"valueMac":{"type":"Buffer","data":"BXa8ijF+VdDZCnhtETvUIbqJekiGxiMqfIbL3uyJW20="}},"1c+D5EHnJMpeNLp5Jivj8hBbxQbR2GM8rkJ/GSSfdXQ=":{"valueMac":{"type":"Buffer","data":"jirLUEqiPPSrACIVr+TjN8ihKFlnZ54mEnfq2R29ytI="}},"/N5CfG2DgTVjyXVO7MqvEUhDkfCCElZS8c9IFO+m61s=":{"valueMac":{"type":"Buffer","data":"rPiKsOVE8vovc23jAo1kNiu7DO6BBkQWwmxT6AfnZZE="}},"yP3P1BFUOy23E7Lbd3uqkgYA3x/ckwLJXgVjxol51Do=":{"valueMac":{"type":"Buffer","data":"EmnPreAZXo8zcABvxnUz/5VuYIBH1kMsDQ5LPR7MhFQ="}},"JReNEYjTgKCzgfqUxtpePpsT1aAzTUfMwoy6C+MBJeU=":{"valueMac":{"type":"Buffer","data":"SchvZQ9Qbf9szIqQl6LyFWXO+iN9eq571Yi0rQFyrmw="}},"m6SgpOQesL0nKaUSxURwkyp4mbzm3/VvhOtY1qPSOzY=":{"valueMac":{"type":"Buffer","data":"VM0YGnX8mnPKsf9RH/LdZE9kEF13ytEYwDkVxtNOKV4="}},"wGL04z6VOHebhPKPMy2qC9zB2q6JzpAReANeR9jmMUc=":{"valueMac":{"type":"Buffer","data":"uPIYXl3isGBZg2gou8JLIX5vFypoxmZExRBhoRHziVY="}},"kwoR4Ek3pcxVER8bnpnd31MI+Tya9OT4I6GHP0LCiK0=":{"valueMac":{"type":"Buffer","data":"kF1s+4BIYkVAFxBlxA7tYxW0hBtdFz/HWHKn7Vgn7OQ="}},"ONKMOtM8oXtSEtzfnPo2MCnx+iz9pfSWg+C445CPLP0=":{"valueMac":{"type":"Buffer","data":"WihS6RdbFiQlL2falo2wMBv2B7sAHcZN569dExWiqps="}},"UFWpYNg0+BSTq+bY4FQpVDphRvw2pmVLI7p//MNHSa0=":{"valueMac":{"type":"Buffer","data":"OkgQWdD5JZJO1U/aekaPZeLJxzzqjoLziF3eTIK//dA="}},"q50Ea/9r60/ImmMm3zXsoYA0ui9MlOaZrG8011Q8haU=":{"valueMac":{"type":"Buffer","data":"1LfAY6MncZq6Y0JUTSXphUbuteiEsLM3vJNWwOngJ9E="}},"S1OBashArXMOged/V/KVCCqg968Rqqg5PCv0ZPSoezY=":{"valueMac":{"type":"Buffer","data":"ewN4S+Z/IC2lq3OXR2cMfQ6XH7SWkOzUflBs2FWvNHU="}},"JfJBpzWTylU9d9p1pCGXlmFaYp0wxycBmg3d3uUhAnU=":{"valueMac":{"type":"Buffer","data":"vR2EBeNMukxaVoStJapDhguL7ljo8c2NOhy4uYlaWqw="}},"ppSBJa74Gs283PtAMo50ylxpxjHwQ9rkQ0dV3xzNA3A=":{"valueMac":{"type":"Buffer","data":"eIJCiKuTi9OAWeDk/ahNmY+fw9+j1Lfae+zqdhxsXbk="}},"hgqqEOypei0n50OA8v7E24F5jyZdIqYlgavg+dpQlEU=":{"valueMac":{"type":"Buffer","data":"iDQDsJDzBELDRhNXZN1PeGKldmnHD4suqPpZxilXenE="}},"GY4Bv80mXNqqnWpUfkwq8iZIxMC45BKl5i7LU9UsACI=":{"valueMac":{"type":"Buffer","data":"QsiNWOi4Bj6URcnAo50rtVH0MQlHAVAS8ADrbK8KZ7Y="}},"DvikteIQdKX3D2poOwfG+B5+aXfS+j57TDhT059QhzA=":{"valueMac":{"type":"Buffer","data":"JwtAazaMNu7p6H2BarM1pIi7hp2DC5hbRwvPdTWyrKQ="}},"SSvajjUy8lpmfASpsmv4Doy/2tP+uHZIuTtVQvx8L+Y=":{"valueMac":{"type":"Buffer","data":"IjQkp7PWRtaJMyAwreYgmXMy9VBsxgxMMSFB18FImgU="}},"LyhjrLUZhHSRhTS3ZtzN8Y3k8r+y3bRgKvvHH7pheOc=":{"valueMac":{"type":"Buffer","data":"fkok7wFvcT2De84q95sogQGZEk/deINs1IlgD1YDD90="}},"yAXt0pBDFHfQogStlb+Js4VUDWmgzVG8tdQhN9U0niQ=":{"valueMac":{"type":"Buffer","data":"Gd20iy+ylcITF4MnC5fOnqLs4kcX2Nn4rv6vLvmYeqk="}},"e+38Jq6UXU3FCu5grOifD1lmNI+QgoC0L3y8XRReg6s=":{"valueMac":{"type":"Buffer","data":"9Fx16TxNjR1UscIj04hLNHrD48ZuxjC8TregqsIGpAI="}},"EY9vHoBXeTeCw10DBTr4jGhl/xIwcov8mex0tofFsVE=":{"valueMac":{"type":"Buffer","data":"eP6FKaOcaSPh2bqnYfETAhktJ0/XuFkeIBQzAM/LzI4="}},"92LWQbUTZvTiFOhY3l0bBPD23y2FFVWVyONHR5ImsRo=":{"valueMac":{"type":"Buffer","data":"itjRKLkOzyCT5XehR4K2Ps+0uKvNU0KHzc7wp+m5gEo="}},"+Asm92ircZiexaSJ9kbnb+74ntu2sGxapck8F705+kw=":{"valueMac":{"type":"Buffer","data":"tazTgHqEu3n0f85Ia9C92I49FPKeFZ8XeyhqAqX1Bmc="}},"ciYI8b7AOoE7VOojcKNFhBN+7xPAaBFzR6D4a9ylmDY=":{"valueMac":{"type":"Buffer","data":"D+8DApy2Ie4HiYY3SWNKpbXdePmi6BKgQHxnM7Xn58E="}},"glRAjQpzUNgxvPDfpJyPipYpYV4nA75qH70nbByCMYc=":{"valueMac":{"type":"Buffer","data":"uatqbmwL+KuJa02pmYhh2J3JKgskM9SN9ugndvX1jLs="}},"pkU/8qzAxVSpm8iH32InTFDj7DUbdxMSwDZqBGONGLw=":{"valueMac":{"type":"Buffer","data":"KsPyx7GmMwkEECwJ2ZOMRM9xdbzvv5tW9/W28tnkd0Y="}},"8neX8CmjZbSVM76awAG7nXG0Nrm+UNlgS5dzxLBTHJE=":{"valueMac":{"type":"Buffer","data":"wtz57Vkha4nXyENvFsJ83OeFnswqsCShe+yF8twZQ+I="}},"vk07/QYI6x2Q8xMd5HtIRqeB+dDJEU6yci5wV5uAgzc=":{"valueMac":{"type":"Buffer","data":"SSiXuPdxWBVyamqHSRmq6EcOCkBfRgSjnsi99M5X1TY="}},"fjhJrsc/DnEfTFtlsVp/Obab6/JKniRGFaxP/QqCxsU=":{"valueMac":{"type":"Buffer","data":"kklmW0uQroHJQV0dS6AwEhsp5gdr4F6+orX0D3PNZx4="}},"0Wav2JhV+YrKU+CkNbySsAqLAGqm1QIN0NaasyFqnAg=":{"valueMac":{"type":"Buffer","data":"xwjYhrYlWI7VxnYDqR41YUEIfOTpT789B69DtSgk9Bo="}},"qAu5osqqLYRECaOmM/CaYvGeejCspn6cylEIWoIa+mE=":{"valueMac":{"type":"Buffer","data":"mn61p2OCKpilwPWfD8d9vTMKOYkPrYaEJQl1EUuYh2g="}},"E1TRgEK1qWbkbyhR9Tv1yIEa02rmGHkV/6BjLdoEhVE=":{"valueMac":{"type":"Buffer","data":"RexJUDZlDUN3DrEcaVR3FukJVxOvczyO9exg85vsh0Y="}},"XpXr0+8oKYbvO+4glsCh4NxV+vy8ZkbmDm/RHGcxxMY=":{"valueMac":{"type":"Buffer","data":"TFMYSPNsCsSiXOq9h4T/Ema2EDToeERSoq9TQwbdbGo="}},"yPO6oPwbQf1NMTfSsIhfSBmxSyToNNyOoIvRcBskbZw=":{"valueMac":{"type":"Buffer","data":"TAKjidSc3yJ0eqYSTyY9qFV6MnPmVUIRKIsB08DEnZ8="}},"l/OgAs49ZOcqq4uFATjdrmPaNNsZSVZPyMPNQwdrMio=":{"valueMac":{"type":"Buffer","data":"32GGCoLlVC/a9ReENkJt0bt8xs2gXly3L4nLBIOoS2E="}},"8D4NI5RR4/E1RasqV5CkYHT+NBomw6n4WHhWset5BVc=":{"valueMac":{"type":"Buffer","data":"gKiUzy+DvL6An4rNE0VVEVUwwwWcc3Gql2TRn5aoz5I="}},"XhOa2VtfTula8GxZgXWZq/fTYGgLtexegoge/HN1wp4=":{"valueMac":{"type":"Buffer","data":"rk09+I7832zQbfjeNB9Sc1VTmRxN/qx4rCtCIudEWGA="}},"f8UWB0isZbmI5bLPTtbb3WRW2ZPhooWxcSh46y3c8oQ=":{"valueMac":{"type":"Buffer","data":"AkKquLgIMsGlULoHxqbqPy0o5YxMsHYDe+ZfPsnTZCE="}},"VmNvg5kOSwPcMF5eWvZzpfUPk1mVcCOGuNBcLQRePH8=":{"valueMac":{"type":"Buffer","data":"oHJs6aB0q0Z7rx+bhGok5YsbnW/k8ECWaVy0O9U3lxM="}},"F0wdKjkOjQF6NbUT1f5jrwPFXLyDQMxnhadmhvVUDM0=":{"valueMac":{"type":"Buffer","data":"uQ4hIbhx43pf30Dea6TkQmCkWeZ7rjxN2Z4SFov/+34="}},"DJSq6k7GlpSJHoVw55qmbPeUR0vwbWG5cCh8Tbzt8wo=":{"valueMac":{"type":"Buffer","data":"ov/pO52kgv85EC5pQiz5lBBSbS+XfBH4DZxgbCgg4TY="}},"LsK6hszxgJetmwK2+25kCfAb6ZmsZpi9/SMB7NI7W28=":{"valueMac":{"type":"Buffer","data":"+W0rLrUxUQvimPF/bv+7rLwlEzfk1EWpYG4xndamR1I="}},"9TSZ/gkCNSUd9V/UrtwXRgL+H2Fe9E8hIKK3x2fJIjI=":{"valueMac":{"type":"Buffer","data":"OCvjDjIE5KJg9PPaxmwqHa5/vcJouiCvOGUry99KCRI="}},"zgoo4X5g7rmaJr/P5pgXmIYp0pEhsE7CP8B+ikpypc4=":{"valueMac":{"type":"Buffer","data":"teU8phwcQJsVN4YOyDW+rZSxYXaGbtzsrCaSGoOTTBc="}},"K8g0pLKHk6V4zn+yIXTM14Rp0qtOhUt3VVNPw4ImisQ=":{"valueMac":{"type":"Buffer","data":"pSYpRXHX+9zu4SlhSeXnratCTATcDlhygOu/omZnQ+8="}},"DiOwFZKb24VnsoqWB6MW9bcB+ACzxD+gGWd+vKnL5vg=":{"valueMac":{"type":"Buffer","data":"H5Ep7zMeNCtvarPIBQ2MHXaILj70VfRatuuvApy046U="}},"YyJCSJvn66s4T0ILyUG7g9qapQMVuePKZsFsv9qiPAc=":{"valueMac":{"type":"Buffer","data":"sgoSbgD3F+wjrsjHFJplgp0CtA7wPJic0oO0T2VxklQ="}},"LFNEvU/Fh4a97IHnug1N7suH++/7alvv0htxRRLyAbY=":{"valueMac":{"type":"Buffer","data":"XzIXYskN1WRr3M35nVwDrasZLcsXOifDxBLxNEM3TAQ="}},"qxpBvbDUhtjOdJUGuUpwHYopsWoIw+XZsBnocgt9TpY=":{"valueMac":{"type":"Buffer","data":"hLS5ZkGmyP0yCl+r5a+gpCYBdXK6Hrqe7OaZD8B+hjY="}},"O2jJQS7Onq6LeB0owQf2c98RhywnqugCsJTygZ7zWOk=":{"valueMac":{"type":"Buffer","data":"oZcxmLcnEaJL4KRhOicvTnDQHJ8zIn/Mzmef2g+x62A="}},"GpD+y5vtNspXCB2H91jC00hfgXlboN/oaHg/hG2eN7o=":{"valueMac":{"type":"Buffer","data":"gC+/Tpjel8pU0Vze71i5Q14/wqL6YQCxdNsBHgAYc5A="}},"jyWH3t6toJCW1gLMYsHpOeZsBBBPgNRmVDWpXgCgPnI=":{"valueMac":{"type":"Buffer","data":"d1QdkwR37WruHEiftoBhf56PC/SftK+cu5e7xcC/2qA="}},"gCirOxZmUeCDOyVZplODE6JpZ+KQpBHkuXGV4wJ9WOM=":{"valueMac":{"type":"Buffer","data":"bDuy5gR3K3KKxauEB2Rsf4refJQ+d7xX1jHf2C+zkFU="}},"i2lxncomjyGWoLxC+i4X1958mEZtGyPBXFp1votdAEc=":{"valueMac":{"type":"Buffer","data":"tFU6BZJi5j3Re3kh9E/tRQ+42WbS2Gxe1Qj15rdnssg="}},"QGWfTVzBZVRk0tpM4+zeMlDQScFbsGBXNnNNu33Vrno=":{"valueMac":{"type":"Buffer","data":"kEf90sSc70phwslqbea3OzM0CnALFwL/za3LrgdGqoQ="}},"3s4CIzTmhq86Yz1Ovh9QsjrOUbHFNEEeoNeONwiyCFE=":{"valueMac":{"type":"Buffer","data":"+b5J2yw5w5A5PjZbg0ESZU571St0S2sm60ksiKRZ/FM="}},"cpUGw7jfHj+OrmKiFRi3MXhgQIjJdsYw4j2FT+/8whI=":{"valueMac":{"type":"Buffer","data":"iE0DNz16BgXvbhRczfhsqL7znycQXkVehVlD0Bn/ux0="}},"4jTbkS2k4RIarmHVl6Rlc/dJYTVDkAfUq41hwNtYNT4=":{"valueMac":{"type":"Buffer","data":"GGnskQN9i59+o54yxH7OfLMQQ9TLyHj9/fGcJhZ1YPM="}},"zNRE5JF4HljgAj7K8RVTU+2TEtZdenXvqkSy9/in5T4=":{"valueMac":{"type":"Buffer","data":"zfwa8JdILrmQhS5GZOmyruPyBPxwFi0gowRxh94FY2s="}},"/5Jm/fzvJJi647FYiEcpsq4LKo8j87aXDTjPNT4VHlw=":{"valueMac":{"type":"Buffer","data":"03PH4eLzaSAzLqd3lTZ9Wa685NspjpjS2R/wY3dGA5w="}},"6IrPKowIffUPPTuuFjzgk80wVHHf223Qd/Op6+bHwxs=":{"valueMac":{"type":"Buffer","data":"cwZ51JUVPut03EcrfkfnRs+Cjdt2jJtPXYG7z8lBf3Y="}},"c7+h87A7O6FULMFp2tG1u74ffLTgz5yYKDFGJjBPH8I=":{"valueMac":{"type":"Buffer","data":"TXjoX1rAE6u/hlrMRoyfy1I9MeBLPPcmQq1SXdU7Z28="}},"48e+Ae97fY3ofjqczV3e4OJGDCGPzxbZF9jIYeeqqc4=":{"valueMac":{"type":"Buffer","data":"99HrtTx0Bk43gBh/FtqTjvJO4ikjLmfBxLH21/IVSbY="}},"JD+j4ZpdLHci4xEaSrQDxcGo0B34clI+KO2eV16ziqY=":{"valueMac":{"type":"Buffer","data":"UPYoJQKRSvLu3ZM87/XyZV+3oJrgSlV67ho+ivA+i5Q="}},"etUAVedIJyuLb00mNT5F3zkzIrAra8OA0z/Auovk6L0=":{"valueMac":{"type":"Buffer","data":"ItO55xGjXL9E3hvwr3fHd/iB2if2m+0yNtgvBzQYePE="}},"KQo4RlTJU47rA9CHpYqQ+ABYko/jg/aOOvXY9m/4MGw=":{"valueMac":{"type":"Buffer","data":"mT/vS4fbJskV9ysvY+2OdoU2tNqcfLCNgB9Pgt4ive4="}},"P/SWDOkl3xpmvM2+s/Wi3Q8553Ib/bGE5Gdmtw9y3h4=":{"valueMac":{"type":"Buffer","data":"s5kXbUXVY3WDM+dXhlkx+gShb3NAU85vTni/19kqXUw="}},"erj5IREJMc/7z6vAxcp7Quoea7XMQlAnhc+mDE+xYdA=":{"valueMac":{"type":"Buffer","data":"bLU/akDKL8/qLue8ekHUOETP/6hrNS8LKEihlNRXmLI="}},"UjccZd8TIf77rpZ1fqkW0brfAYHhrhEH2mbwfyQvLx8=":{"valueMac":{"type":"Buffer","data":"usSSLaaAw2i3YNEQQO5c6LM9DwbHGTl4LkxE/f/8AcA="}},"/6oliN+lWeSNtepiAe1lWGiG0ZP9AgEmzGImzzKHi4k=":{"valueMac":{"type":"Buffer","data":"Rnu7wDWWO2PIg+gwbJVaqwTFt+OXcssQYB0qD+Azhmc="}},"3r4sOAJaYJe5d/XlMjkV1XK1C0QoHXD8zqNv1aLsFn0=":{"valueMac":{"type":"Buffer","data":"CzNTb0HDeQ5DieSqNEPRTFWxyU+yvzoBU5V5Lwf5Kqo="}},"SkvowDwfwcfzqVEBiysWz8YKoEKuUBwpaQO8U+yV4Fg=":{"valueMac":{"type":"Buffer","data":"JnS/pZXjIjSRfJnYc+rm9jbb3MrYpOH7cAIWNWa3pBk="}},"0ezdPRZ/c2QtuVM4gDeM4IwE/TG4jCEA06CQkWnqS7M=":{"valueMac":{"type":"Buffer","data":"9GMOLGzju+un0c8UtQtf6O8xx2Uf+8j/E5I2n1NEjKY="}},"6T27e9BcDy1aAiD+EmXkOjbEWKY7si3jx14/uxFZdLg=":{"valueMac":{"type":"Buffer","data":"BDR93aywdETR9qwcsBwrv3EOIaDJtZyoYT822mPKI7M="}},"1Zst/DyKneW2PmgXBYCpVyIKqUSQ4VLH3twpTr7lAiM=":{"valueMac":{"type":"Buffer","data":"QpfB7GAE4uDxLsl15US6J6kF9c8pvRAMpSytx+OOpW0="}},"8tWa5z030CCRuQUcGdr+AMQpZiE//PUijRqQ0AT1LB4=":{"valueMac":{"type":"Buffer","data":"29w+SFKzbGB/+lVCbZY3FV3OUM5esM1pZUgCmUODGwQ="}},"1bWm7cs9gvJZG2rz8lAKvuQwkZADAIApuWzJGjW6qEQ=":{"valueMac":{"type":"Buffer","data":"stbnsx4udORVg395uVwYcxq+A/xOPDLd4Zpv8SQis50="}},"rcvl1Cus+X+wqSqCbV1jOprSkwIUzPST+hxrrBLTgoQ=":{"valueMac":{"type":"Buffer","data":"cFDqrYWw7SeaGXTlU+LmSXl5cSh/CPHUFwBv7hFaAzc="}},"BkZBtejtKYJ270iqnMJMoL5/nHKTUDBP+jooETGm4Lk=":{"valueMac":{"type":"Buffer","data":"idDES6PyGKSOHmlN7Ugjuxj+ptmQ+t7frCEnG9y4VNw="}},"KSeeiRtPoWF6t/vwsKAon5XKzyv98X0RFWwZJ+uqNtA=":{"valueMac":{"type":"Buffer","data":"KHqmcdvYgVFKQoWxCd5byqS44+i4Bur/xKDJfxuuvas="}},"EM25B+cdIEXKafRO5JXxiG7Dv/XLgaUL0ERTkaOQnkE=":{"valueMac":{"type":"Buffer","data":"MVAS5FmJxoSMEcI+ubExUG8ozWuQozvmvoPnuZhF3bs="}},"IQOUrNRZhPLLtMMGoJc7zbdq1gJQXGoZZT/VEM4dq/Y=":{"valueMac":{"type":"Buffer","data":"tB2v1fJs0vwinVqUabUCO2UxtHDwQNBzPwO7DOcn/Wk="}},"UUM90fCQrzxl/InP+QeV9oSQO9RCHKI7uVKmRAdMMcM=":{"valueMac":{"type":"Buffer","data":"GD6Mfn1r3X6IlpGEuPqvctqQOcKWq8P63e7gfxdT05U="}},"yT/yRJB+gqMAMn9ZPuKb2RtQEzyGQDmdMG1gZ9zTPzU=":{"valueMac":{"type":"Buffer","data":"fmT8PEqzwdv0j3VMR+TOGivNsu2cHkDvh3Nlxbmf768="}},"9GgECBWwLutXyXWpGBJd9bcgtxjowYc8SmrWyTnMbmE=":{"valueMac":{"type":"Buffer","data":"+cHDyjimACRQKQt42Pwp8jOgfoXugoTcK09PqTbdHYs="}},"7aqg1WcfZb1aNsnX7x9WopmdVJ90NBu6UrnMZNe5Pyg=":{"valueMac":{"type":"Buffer","data":"z7DyAv8YgwglBQY5E+2PkY6cks/GaDUA/CXDXh9/FRQ="}},"1S2F4zmQkNiZQDbJ1LKbcfy6uma/YnI0i/iZpMcNCUY=":{"valueMac":{"type":"Buffer","data":"i4D6/YZcAJXgL3yProWXly5JuEP2Hx5icK51NpqnO+4="}},"yeJsW5YBAKqrE3DruU/pe834NB/EUS2yqwCIGYVwKXc=":{"valueMac":{"type":"Buffer","data":"aM4IDpN2DncIkfz9hvMUCeuRcBTeQF1xdOTCxtatX6c="}},"dANKMYMY5etFwHmJU4I7R6hHIz/AswgPkeVXnghbL9k=":{"valueMac":{"type":"Buffer","data":"6MhDts0B0lKM5pzk7GQEw5Phf0B5zTuBhvYtLZgBOhU="}},"e2Lr+tT9JRHDfXQsdLAqrUr10R516OG/Z38kHhyis9Y=":{"valueMac":{"type":"Buffer","data":"DayhXazsnC+6/ZYsHSrO9/zqtVVs57NuQ1n41io16UQ="}},"KmXM1+b30MxW3tM1ifbNN7dOmdOsd5wF9LxRpEMGOzI=":{"valueMac":{"type":"Buffer","data":"nj5MUQv8hGRUYBTWRIfwMWdNJM2Cj6q67EJnBJu0dPg="}},"Va+B8FlpM4dvb7TaFJe+4EPCgzqphuAwqIIWQ4fM6Ho=":{"valueMac":{"type":"Buffer","data":"bJBYsdsdpc0eYmol0ek5dd2Xd9leThAl6Uefe+s4wCE="}},"PegNuEvsGBKnYh0BWjYVxU6BO8Pf6t3vYoR6YtcBAGE=":{"valueMac":{"type":"Buffer","data":"HSuPDmAJbfMtw4bh1DhxNqlaPmJH97XMJkBA8CPGR60="}},"18nTbvFHmHgglaqUUD8AbgQZq8ZYJqFiVSACIzUYw6Y=":{"valueMac":{"type":"Buffer","data":"ThU1XLv/5WgdeFK7Ytca6qs9++hDOzmiLSJtSwCodlw="}},"co0kYLmno1EXKvrj+HJ6MSHAORdatu3zBZtJab9TSJk=":{"valueMac":{"type":"Buffer","data":"32+9WI4EP/7BsVVwUGmNgrY/AZKSPvUHFQsZae6GiX8="}},"GPZ3nNChws+2y5Zu6Ym62F/11TBUKasySjYKekRtexM=":{"valueMac":{"type":"Buffer","data":"JRVgAcgJgbUJqfjPVjFK9vtNM5djQ4kXy9ZMxpon1iI="}},"6K5y2Xw7Ilb4+fXlKPSrybxJk23lajEUvNKXIn2F+6I=":{"valueMac":{"type":"Buffer","data":"/AKd4viobM4w1fGnsn9PMR/wfPB4cMlcyadv5RWY1HI="}},"JDRJSQukIpdPpCpfrCyYEdQIfmCIRzLuOyUHN4CB3Hg=":{"valueMac":{"type":"Buffer","data":"ZLfSOsh/wsy6tKFc4k8XySC6JJQrz76qaBjpGNVYJek="}},"eZDlr8zyH/CiFDVmmJ2KxSetn005cetaT52ql5CQkYs=":{"valueMac":{"type":"Buffer","data":"bdbpiHmpTG9eddc1Mn5K3mfksw9cmNnQnpLzcuZ0eTI="}},"nZziFWiPZziXGZkIKdltYsnRClyNy3pMhFn4LOZmE2c=":{"valueMac":{"type":"Buffer","data":"N7eYFSUzgOg0URgyHQIMSsw8oDzz3SNBOdcmj1wWzGI="}},"rEYjyeRREh67YJCSyGShMh4gKvDaV7kWO7dVw6mXfgE=":{"valueMac":{"type":"Buffer","data":"HOyQOTuFojy7Umf2XlBguGHhTMcyzR8JMeFWw6//Wpo="}},"BNOqZoA8rNRKNe2K4vNKGGULm/npk9Um+Yq3XBZpMi8=":{"valueMac":{"type":"Buffer","data":"w+rA9XTuPyuA+03vGYay42DZLbswtf/YPG0CRpgQtk8="}},"JMqIS2P1vZlCNhI7lrdK4Rb7EO7X+lsFJwqR/l3JvfQ=":{"valueMac":{"type":"Buffer","data":"w8nIoz4wvlxq1+nFspR/0rjuo2Zp4ycsDH5ib/hT3jw="}},"HyXJ0mIruk1si8EW7mbbxSmrDYhB0WxM1VV6rAz7itE=":{"valueMac":{"type":"Buffer","data":"JnGvD4hwchOcna9qFKhkt/b8SuIWst1HJ9Tu2AYk15w="}},"4XdpxWAgo9lWepBb1g+uTffIIh/zgLlpc3L4momo5dY=":{"valueMac":{"type":"Buffer","data":"bKeQ+W8Rvb0HIBS8sO061b73avGkrQpGnkOfk6LmwQw="}},"tcC3Ny5EiWEO8Y/azPXjekdKQ/fj14AUAbYn28PXJqI=":{"valueMac":{"type":"Buffer","data":"falj25vmUoeMAVb3LTlNdIA3EMWPpm7Ld/Nd4rkUFuI="}},"NZwtvpM5h3g2zU2FkurG5+0nPxyZ0L3MDo1O1lbwSvw=":{"valueMac":{"type":"Buffer","data":"V6bBNfqnnT5UeI22akuaFxY5Q7R2EN75Z+bCZAy1zVw="}},"E5Tr1Te2OIbqz/LtKnHmLbfK8SYh4Mz4+TRLM8RDn5I=":{"valueMac":{"type":"Buffer","data":"CMHpI4UDVRZQSI2c0YPbA8QgzkabhvDjDBHpyebgEng="}},"O6n0hCrbpt9RNfeFF6JTGkhqf1hqUOB7WudLKigGV3Y=":{"valueMac":{"type":"Buffer","data":"f+wSjz9/6LsY2s1ewUtLsGrno+WAEZsXGz/7p4RfRBc="}},"87mauWxmec2oEH//x806UaV+fCOi4/p50SZOX2jbORI=":{"valueMac":{"type":"Buffer","data":"O2dV626v20DQfIUacM5t5EEVq2MKC+owhvF9T7IGpZM="}},"XhACfBknDc1i4G38sswjcpPACq+jk2AIe8bb+4GOabE=":{"valueMac":{"type":"Buffer","data":"haZvZYXQwljaomri6LHXfQ/Pl3o4Jy/9Cn/D17Ql+Yc="}},"nQRQdTbEydQjFc7/oRVCcPXLImHQSPkOKd5kMpglvJo=":{"valueMac":{"type":"Buffer","data":"I4+5EuLaRQyc11IMH3vkUZ/VbWMPlZ2JlTS7gX3Ex+Q="}},"VQFW6cn9PBUYPh27PUIwW0gdyd3tx8JYjJO97FLUZuo=":{"valueMac":{"type":"Buffer","data":"dy91VGt2hLShVX/CgyLggF/JFZpZ11baKPmJ3ArSjt4="}},"rMvhbZv37WwBg2MzX/8d7dU8a0uJ+VUFPeUm+X8euvM=":{"valueMac":{"type":"Buffer","data":"0PzmJ2B8WRVo7gP8iZOX+zHHUd5cCLADxPh60c9NZQU="}},"7KSwVFfmOko5TGPktpDrktmQOAurz/evUxNqXzrXmds=":{"valueMac":{"type":"Buffer","data":"QE2fNgeE/qqv8TbkHDMLdn5jNA4UobHyb4qAOAT8Xn0="}},"rk/04A7iFf0SLFhekIJG/kDr3UxeZlVxNR/DldCFYxc=":{"valueMac":{"type":"Buffer","data":"pKlYwm/RwYqMMpNXhCGX2tA1Kg6EhTcdyxO025T1lK0="}},"KJ86xQ3SwD2903yY4Q5LIIxM36fI+KydF7ypXUYMbdA=":{"valueMac":{"type":"Buffer","data":"M78lj80ZnNrjsOv5yFeSgaI4mRj2L0sXxBEJTtiz1kM="}},"YXpfdw9jLT8XqkavDyusAncz+uTzjMxNmgYggfzgwNM=":{"valueMac":{"type":"Buffer","data":"MQYwdHniBTW2jvPxar70RaDMJ5G6iFZeNox6GOioGms="}},"QWHM9SH4+YmzKx34Qvhrqpv5H7IvfrQ5SeP+bH4RBG8=":{"valueMac":{"type":"Buffer","data":"LRnwhk9uvwfyEZOPDqMKN+XC/WCG0+2ExHRjBNeR8rE="}},"0XvzUqfCRFn/NexZTgxn3FQWtrvbevB9gyO78Vz8KXY=":{"valueMac":{"type":"Buffer","data":"RswwXu+oFEDbcXGjxk80OqhyaVXYpeBYSO0jXs6MLAk="}},"HsYA6H89SK7TaLvvpVJdLb41j7SiuSmq5/0zOrHOKZI=":{"valueMac":{"type":"Buffer","data":"wLi16m+nSMUZ4BGOhRgHXKWay67JMG1lJeyJV6PNhOc="}},"i4EpeBPGa4bCZlO55Mhdt/JyGBvsFVVGS4UGI/D/oxE=":{"valueMac":{"type":"Buffer","data":"/ptQzdE2Xcb11qnBroPZfyVyGsWQw2BVZWFvCamtNaw="}},"pk8sGe30nEViELUblFdWBKu48XyysWCysCipcdn9/mM=":{"valueMac":{"type":"Buffer","data":"rVpTeBpv/sSrUaOYR0HDDLmcoQZTk2h5gKO10z/gyFc="}},"nURGkY+bZy9gDv7GoylvVM0GgC1sUKFqb52pd7MYHDM=":{"valueMac":{"type":"Buffer","data":"7LDarBjPAdDmmaCversKvNGG+7LMuFa/3NGS0iR+xqE="}},"y3NN4MSBCFz5OW1VY6N5eNzkt5lX6SRZ2piMXdpkczI=":{"valueMac":{"type":"Buffer","data":"J+t1eGYsDeDYeIK0uG01ir0oZmWs6Pp71YeLrB1tsOo="}},"xr7YlGWN0ZQ+/uti4MES+yY9Fz28Q+Ea9i8IsvIjEMY=":{"valueMac":{"type":"Buffer","data":"yZiquKsnWdUISEOQCs5hcEQk4pGWBFKM8SHLRfk47gU="}}}}