{"version":1,"hash":{"type":"Buffer","data":"/zzINAsXCeyidieOTtmsVUgeQadIHk8rkNL7FwNE5IdjfJ9hbYjHbyvSCsbUkhtN8n0bJYDgDNbJrzNi+ETpamjM1NX7mkQ0JzH3iFezZy07TEierY27CsETtSVW1sqshjJQodvKwhKMVjNW98nE914WhcXC5gnZqfuZC/mpG38="},"indexValueMap":{"N66ayQJ4L3YA0z8DF0NzDAdzoSbPtMLtDit08gLa9kE=":{"valueMac":{"type":"Buffer","data":"Qf1nx8hY/1vO4dEg9MMD8zyqwGXc6o6hALkCynlMNCw="}},"j2HoD4CGYAR6syrAlBC3b7fdThwfEB+lK8WHTzAUSSc=":{"valueMac":{"type":"Buffer","data":"1PPQy1A8w+XbQaDMmFmpTcNQqa+4PFrPIEIKh/3wyVM="}},"ODSZsnRI8g4aX4c4rPuNKwWiH4Q40XMxxXVntKppDW0=":{"valueMac":{"type":"Buffer","data":"YMDuIZVfIkjgLXbC8cxuspy360Q+KAE+u3ZeUTPVfwI="}},"35/T0DpLsAln/4XhKupUcC2v6+6D4VWnC9j/va6V6SE=":{"valueMac":{"type":"Buffer","data":"pN9vNKJQlIdkvIRUd1JoSMHzeNwU5i4ulnzScxQFB0E="}},"tIYk/rhHHqgu5MtgRHYTt85pBIp7j3m3tsbzwTUUONo=":{"valueMac":{"type":"Buffer","data":"IS1O6vTbSgQ7teC25N4fve2yvrTEnnpepmvADIi0r+4="}},"z8cOt89vTkuNgATDw7o+TNQv+dOdFFtb15EuVQ7JR5U=":{"valueMac":{"type":"Buffer","data":"7w4UKdQZj5kU2EsyoaZi2X0Vku/4AnkpIpXr4VM9Lw0="}},"GtrPHHgVoWSPRL3pg8SU7YC+IQQ3AwcH5DqEcu4cW40=":{"valueMac":{"type":"Buffer","data":"jUJpNITlSCR8kzLEthKYOqEeTyvF/4wFeLuJv30KYlc="}},"yncP7XNYGb/ZbzWAz0WZweUmfFOoijlwecS3KzzbXTs=":{"valueMac":{"type":"Buffer","data":"G41INLXj0TBzbg+HXpLGBY+gbDbJjsaqBiRVp4auLgw="}},"cNpPXLYd3bLeAsb7EEgKiuOvJk+4juYse4wkt+QSeUw=":{"valueMac":{"type":"Buffer","data":"Sd4+OtJYqBqpfrqVfq8j0C5pjjhrj4IzOFgR/cLhs1Y="}},"u2xUOy4wuefB7bO7VHbX0gmoiAoTgNkvyZoN0o98zSY=":{"valueMac":{"type":"Buffer","data":"lSREwfzmmaaMhlfgOufLPkjMK30YeLXthEKt3ugntSU="}},"ocYtGHCnJibQlsMWYEVrYBtwZ5mhSfxlrxKjTqfAn90=":{"valueMac":{"type":"Buffer","data":"PgcK8ycbCBgAjwzD1hwZ4QaMdqvlodDEZfH/lRFQKLY="}},"+ayrCEGBr0p9VLUftnsKon/F1pTarQxmgpGYGqhuLFA=":{"valueMac":{"type":"Buffer","data":"BhnDIHlKfWfFLLfclccnbgobnWTg0zi9PPpEhhLrPeU="}},"aTxG4qg75NzvXtCH/Z/5nMpfoWYlrfslYZgRVVafvt4=":{"valueMac":{"type":"Buffer","data":"PSzsIFS0W/dOLRUux8Cu7oFgT55MoMOSadt0lSurPtg="}},"LODZjMYVPJI5GmQoK+8HZ1cWZtFE1VsoLo3hv5Z7G3Q=":{"valueMac":{"type":"Buffer","data":"mt3h7C3J7K1ttDpNyex5rO2zV1T+rQfEDHez8k55Kog="}},"IO4TOIZuV/8cMtqTmLc6/Dlh3qzD88f4oJQbB3gIZfM=":{"valueMac":{"type":"Buffer","data":"x7i/9yoGwXUiJCAek29Ukl9GCdIdAlcb8DLK3FR49c4="}},"JzirCrRtPP7rWtlO1FipfPPaeWLjiPxYhkRd3IbNZZY=":{"valueMac":{"type":"Buffer","data":"RXIGfafB55PhIX90wJU6Io1uviHdnWbrJisCuz7u3zU="}},"YqeWLu+ufL75HJgHYFpa0Q0oQdNT164/us6+Hs7pSp8=":{"valueMac":{"type":"Buffer","data":"HLCE+2O2pypiT7xz7D1qYDL6QOwzAlFOripF/35g0EQ="}},"PisOo/fdsvl4J1wqSacDmnW65w8dvL45L2xhsO6eKUQ=":{"valueMac":{"type":"Buffer","data":"WxfvNPnxZLqisPXs4O8RDc9tksKmnZ7DvWC4y9acex0="}},"vc08eDU2VWUMOhlxJYXWFJB38hsefbveccCEegQG2hA=":{"valueMac":{"type":"Buffer","data":"ypqqjPrZrbjmPM2oZQXsGduyQqjKfZIhxOuh/ePOyIQ="}},"81mDS4/GB6dBlm/OVlC2NHIoDSpG514gb2VQoyU+0bA=":{"valueMac":{"type":"Buffer","data":"GASDGwH2K8nyYw3zgdd5BWaaS/dkY9U965Es8luo6tM="}},"MIplRaZVab1btIt6XEy/Os88j6SLfKuIKco4SPiadAs=":{"valueMac":{"type":"Buffer","data":"008X8+2C8JXSv1JUSiDbQFwkrrEvM9j+Kax9XjILy9U="}},"eFSQy2Zg0PRuqEPHQkTktZ+K+kT4TRHAoCdcBa5uW1o=":{"valueMac":{"type":"Buffer","data":"UglDxamdS6UCpatgwL5nb8s7sv79rswyunROwWcx47U="}},"ZUS7/GrnKHsNtbrXd9TcbuIfcOcBPPxVY1sEScTeqrs=":{"valueMac":{"type":"Buffer","data":"sBOWsMKrVXIsIwNmTb1vKQ7tkVHHgDCfCQWfhRlstuw="}},"22sBocIxILCzKT9n5HRdq0/azU+ovhnN/Vuj+KulPRs=":{"valueMac":{"type":"Buffer","data":"6DRGa7zeXkL7GbtHljYQ7p/sBQ+FT1fHgpAcTRZ4NRo="}},"r3RCffO3uSPGSFaUrDwir3Aaz82kihgeR6Jh61TGk+8=":{"valueMac":{"type":"Buffer","data":"tGGtQ3zZcBH9fNmUrlGsRrK/nX82ne+qfW1jXYjvkDA="}},"A9rHwDKotdhPuq2htWx2m7Pp8bjpwvr7OMEGEl1Blx8=":{"valueMac":{"type":"Buffer","data":"Lyz5Ewd2EL1jCiyigabkhL55zo5bvQWLHBUWVwQwxvA="}},"01Qc5jAD+d3G7KGlGW4aa8a9xyn4pZEIgqLhAvxSGwo=":{"valueMac":{"type":"Buffer","data":"AzIKgBBb1nni75C8NIS5zfmd/lR7nFSNfL6msXT7CXQ="}},"SLsbeML5kLfrp4yiCVLUi4v/Y61e7KjGOuidOnaWGtI=":{"valueMac":{"type":"Buffer","data":"UvyIyvG56lm+ECeH278ip3QFySj8ekpRT7NQ6X3YPQU="}},"dDdwUfXkzB0/5BNVGznD1Ya8W2Krx+0f7yVSovB8toM=":{"valueMac":{"type":"Buffer","data":"EUyTKvEiv/i8PLW7w2wo5O0pCR6rDQwwHO6gk7EdmRo="}},"gXYWLQdh+S0ZWMQlwZQP2EjGwipXxeVcV29hE6hrGEk=":{"valueMac":{"type":"Buffer","data":"FgB40xjWpwDGNP4F/o8H9X7adwgjs4c7rDH3OQsLL3k="}},"1YZ8B9C5CPp9by9gRh4J6qKblJnHWTFRMPWZnlcyuTQ=":{"valueMac":{"type":"Buffer","data":"HEWajvGW+lesoxWWe3/nRtus65VT0kp2gznswrqIUfQ="}},"fqVqAUdDH8pyIAgGvKyEXiPmCU7nMtZMANMCrYZqhgQ=":{"valueMac":{"type":"Buffer","data":"zpW3WEQV43n6puRg4P5I8oQbXKJcTzdzJV2foe0Tdk0="}},"p3Sh7/GtFEqCTkdtJPtRTIJ7umI/FDMMDrVUj64fI0o=":{"valueMac":{"type":"Buffer","data":"MhCi6P2yPuPXWUJxVP4OLC0shL8wZnRKKp7IEhC5ceQ="}},"cK6DEP3J+Fx6dIyCetQo1Ddq/R3ORRcroC3A89EoQ2Y=":{"valueMac":{"type":"Buffer","data":"5qLhF5XEtUYSDuUKlrpaJA48Qgt0PwuQ1sCNPfkpWxg="}},"2vGCFW+TwEshPxybT/nigWntm2njwtnui29mkjGN9tw=":{"valueMac":{"type":"Buffer","data":"a/3VavGWpOLpeKinduHS078rbZLtF+f0ehXvLAAV+FI="}},"F7EukGOoOMuUu2iWMCafdrUgY0uC+LJYp5jpfuH4uI0=":{"valueMac":{"type":"Buffer","data":"eETWOxzNmQx+SDdbeA2BJYcIjgfs1nPTgnxeJWKlEgg="}},"vgQi3/A+tl5CcpAuBHfoL9nbJZ0ewy4DNkkgY/BflOQ=":{"valueMac":{"type":"Buffer","data":"0DJ+YZcE7S9VqVgQq1l8LG0ngqRQoCHse2xQqzdzALk="}},"7EuZ9xpZ5X8j5VQDFbGnCROVgGrasF/zb7ofimL3GQY=":{"valueMac":{"type":"Buffer","data":"7RmrbD7jBrxmcya3uC0Gr+dsiMftIKra5VUFbU5lQXw="}},"41c5XSmPJatgo1Qz4v5Q1ENJUozG1vqP5bBwEhyt1+A=":{"valueMac":{"type":"Buffer","data":"mqv1WaZfkiCM/HD73rl6qTMi6tFf4UOAZseKosSMF5s="}},"NHsr23MRMWtSrxV+AJ45VDLYnwiQJGO/kBlJSg0GuHE=":{"valueMac":{"type":"Buffer","data":"2WtZI2PlrmmRamwJGHENaYspu7lkzKcoFS5rVdiQgT0="}},"5HRe6UThTZjEELi/m/hHbKXxUstCbfqdLDxY8qOj1SE=":{"valueMac":{"type":"Buffer","data":"0TvsW+ZPqMC490sfVTrXUjSkyEC38d7oCN1EwH2+6/I="}},"jyctJnSk2cXMCw12Aecbns1XMDrfWLzEDz5ljJEms1s=":{"valueMac":{"type":"Buffer","data":"m0ym6hyN5Iq1Bmh0VdLUzRh4NMBPfXsyDOWiZEk7HFg="}},"0kkxXu8s2nf/dw4cUGTCbv3bJMMuDRfi3S0CBQAxAi4=":{"valueMac":{"type":"Buffer","data":"SoPxHCOnCpq1zgdcasHAm0aUFzhqZVNfNJaOBmY5VCw="}},"XbaeXCpomm/lWiL6WOp0H9MbnjYWWEcJQUYllQyWBLI=":{"valueMac":{"type":"Buffer","data":"/nx0JduwdIhZusq0BO8XOxFTFsMfCJACFyFHsDYfmHk="}},"M2qTiFxPpHrz3aYLZ1ygIvtPKBzuN4ABF9glAoUgD+w=":{"valueMac":{"type":"Buffer","data":"Fa9XShBngCtTn6P2xtl6xIWev3/w6ukw2oaE3zDzkL8="}},"zwpD0khPaR0o13jBTTRDpSys+qF3BRGU6lUFvKK4gK8=":{"valueMac":{"type":"Buffer","data":"aORcRqsZB1oYlkwm1/ROGrf5HV35Q/Qp3D+W5TlyEXE="}},"4YmDbT80xNt7XUUyk5S8+b9xV2E6vxcyv9XFb6Iltuc=":{"valueMac":{"type":"Buffer","data":"KSTwHNkLGE2aEIys4knJdr6JJE66iXfhOZCdYC6XKkc="}},"mX1YW0YhFTWD8A+S2KXzrjwZpr2z4a7pNHsmrUTtWZU=":{"valueMac":{"type":"Buffer","data":"Sa7NcCV5mITEC9/N+IfcSpIKZCxYZ05UJgZNr1WZjio="}},"MqNgAuJXe/9T8YizJ1kgSv8tLAnmNJvtPvL/sUOgNFU=":{"valueMac":{"type":"Buffer","data":"VIMj/imDRLt8o2F+Q5rS6xpsnq70ceOzoeO/nag3qjw="}},"TSa2U/Zz9gicK1ekOCCsPPzAH5FEWbBpjBLuiMTP8CU=":{"valueMac":{"type":"Buffer","data":"iPcDPLJzn2Jm5suifpOvd/n+s3Hyhh1SwAW7q44y9ek="}},"9ov+MAAqdxr64lsUr/6I10ECxRQ3Xrqb3syVwxZcXnk=":{"valueMac":{"type":"Buffer","data":"bDYvQg7D+HYb1FkswFK6FqY2lpfxLuq5MuR7AxVIIVU="}},"uzY52u68LXV6xcXrpc/2FHXxMF2hPK7oiwg91tKHspQ=":{"valueMac":{"type":"Buffer","data":"sgpcj8dF0JHd6iiBiSXw+iHPU1ClgoD0VFu8T1qkbTY="}},"b++O0swOPByub3BH8oWGNQ7Jm6ZFOvbi3DJD280a3BY=":{"valueMac":{"type":"Buffer","data":"aVEX+dzU00ibgQqJxfUuAUaR7RwzUFEtr1+u6WHX7Qc="}},"4tZnHYkElgU4MDN/v1Seqvmb+dekFzijToTqK8QLvCY=":{"valueMac":{"type":"Buffer","data":"3IcT3dtFZ3nuhkuZ8FGQ3i+TpIrA9v9lVkGtCt9tgUM="}},"t1oevIhBwiclinxEfDE+XoHJah0RCl2l/KuuR/YQhe8=":{"valueMac":{"type":"Buffer","data":"23H/VDSWUsVoC5LcG195yzNC+zDArRFB2kwKt3z2S2I="}},"W6QBNobf7cR1ib8OXHmAnbVSeT6vlBTANaqRdDJjK+M=":{"valueMac":{"type":"Buffer","data":"CLuDKAjYgNHJiGbYjaR/lHNp4YSArH5ixDEuHI3xWsg="}},"YYURuRrlLiaIZndUlJHLp/dl39vqbFl2HGCLPtNS4ec=":{"valueMac":{"type":"Buffer","data":"wjmAGrIKy7YRvmB3tNEyhtu0KFEgn/Lnm60qfXSBcKw="}},"0zfyXQHfNkuvL9wCI+d4+D2EAa9qJkuqeLCBr2ONwwI=":{"valueMac":{"type":"Buffer","data":"u5exeX5w/I30DNbaMf7aFHb8J0PxGgaycdAWoT6n6QM="}},"Q2lTSEflPSNlYD1bl7/UccvlsRnw2C/Z2J9ajJVGCOk=":{"valueMac":{"type":"Buffer","data":"IcK3wau0OJpSiXzYp5KmN8vC6wcaSYDuBLlp4xgGGg8="}},"sXFOGXgqPMmc8Mw5MEQOtx5XZXX0FL9NqXNJ/yFYqf4=":{"valueMac":{"type":"Buffer","data":"XBR0NEgOPqJn2z7T5OptKgA3J0y+3htqSAMS0wQiXRo="}},"zLj+3DvlG7bI3s+IoqbHfMgaEu/Ac0Tq2/0hpmNjadc=":{"valueMac":{"type":"Buffer","data":"CLb2EHXdSA6pLyLeb+V/5wZMjp0McGJAy5iF1b56go0="}},"KWGodzO6Ab8eoa/zto877eMqqPPht7Eg+PnuerW+EcY=":{"valueMac":{"type":"Buffer","data":"oJ3AnqtN9zz3QRw8qP4abm0xwaaE7R+iR6jnEsGaOTg="}},"KtPQcTxk4acaS1LZQ7MgOG5aa4bnrvwbNieQMhegVyc=":{"valueMac":{"type":"Buffer","data":"7afzQK8aTLE7fDOhUbAlXfalmR4lfO/pqcKfeIuwwXk="}},"DMbuDsTGk0v7z5GkV75oiQKEdRyiVakI8IYnYmp7KxY=":{"valueMac":{"type":"Buffer","data":"Ti1+T2cQ+kCeJKWrFdBoiNC0wwgs2+H6KLedBC7/dis="}},"RpBKEp9KPG/bLww3pYkj+epPC6pyfMbEJIZxOu/dsww=":{"valueMac":{"type":"Buffer","data":"MDyArVf1jO5dvxI/3XJYA6HaELL4iaXYLWE3DEVZ3wA="}},"VH63gaiqwwPCcBbiGBGNetSRbiBO05oDhnQub3j/e4A=":{"valueMac":{"type":"Buffer","data":"Z65Yw8po9+X5x0WNzKnMCdVTnvVKpBxbvOsUC6Pr1+4="}},"7jF7P/dwDH11AWIi0aMRpm9kMI9aPc+DFVRfLBHRXys=":{"valueMac":{"type":"Buffer","data":"KEB5RqacLZf5PZp4R7snqggdOQBTjp0UM+JXxc1iPhI="}},"+KDdSnBPzwjFk9j3QWVsWkr5Y9eP5aoN/aFZpTIqTgs=":{"valueMac":{"type":"Buffer","data":"8GTTdBqDrO2HHwgKfiMDfMrOfMjwZgmCfdZlYymw3t8="}},"YgFZlVknYinKxC5dwx3XJ6erbRK9KNzKOpO3+rWM+7Q=":{"valueMac":{"type":"Buffer","data":"puAuKi4r1R1BTOZ3V2C3bSZv/7mFNWpAzLUzt2/Ln6E="}},"4O9Erof3dHAZXJL7yBw0RQuZsZvo2e0QTIhxpwP5x1I=":{"valueMac":{"type":"Buffer","data":"2a/XySAp4t3PD2b0T7EHl47EcwwGUgDSFFhRuBc/PmM="}},"pLFt1J4KvHDPsqLi7C3R9pIKAYcHRHOdIT9AD8uqMrY=":{"valueMac":{"type":"Buffer","data":"x3xHKqN8uzAYok6ZJXT7BVNvzFhUxAW+xkZNa0F6/fE="}},"ecINzcxeKO4s9RpgMQ1qrKRBV/2PzjDaQU0QlarcaC4=":{"valueMac":{"type":"Buffer","data":"6qk8O0PUO9iLei8vkxNZjEN+mm7+XvOuc1yu58MWVXc="}},"cSY1YUnlvS6L9Ay6FNTKW7I1CbN2Q68fuprGyT4zIa8=":{"valueMac":{"type":"Buffer","data":"akjZ6+tDbLZxuoKbi7dB6xI/t5ioZ3zK2wGbKJZVFMw="}},"vizj3zEQHIJF/KCY+DB4H8UZuFTOgFyrtb4Gy3uG/C8=":{"valueMac":{"type":"Buffer","data":"werXdH5DjV6GpACI4x6VFpqRjz85TuKhBuaBg4Q4wk0="}},"KdRGiyetuh7PoiyApGDfcVoM5Ez8abosRq2JKjxMp5Q=":{"valueMac":{"type":"Buffer","data":"tV3CEbxSkvrMJVPHG7DPM+5e8w7EXai7e2HlMg+5BIU="}},"v+B/eibvcXRYVPzOB/tF7ew331NzP/gbS+kceWdORRI=":{"valueMac":{"type":"Buffer","data":"Z1dZ1m0CcNovvtXEKFzYjKQIqyQpch74OUBrTSRH7cs="}},"bRekKPkUd89gaRQIrAuqtFzxwEQCYJQetBitD5D9GWM=":{"valueMac":{"type":"Buffer","data":"x+Ted0wn8pe8MBKw0wYCl/ZRblM5z3DVl5tAZ2b4SIg="}},"NvjO4AJa6KiFYxGDUmhUX5eCpAlMd/o1VEMQmjRgU94=":{"valueMac":{"type":"Buffer","data":"qzgH2s7+ZWH2qsnSWwODRaIrSGmeOqMFAaZZLHnTctY="}},"PNvtSYtgZkMV47nUn3HubEfBlBja4Ef33GH1ISy57u8=":{"valueMac":{"type":"Buffer","data":"837rx2akLQTkk725XCWnch0WnruCxE4B1OdOWvQjMIA="}},"+0IGE4x73kjMytoW13D7adfcJjPUJialwiTWqU3vnIw=":{"valueMac":{"type":"Buffer","data":"e0qPiU61x0lRnq3G1CmQdd5Q6hXSVH3ahYP1prVKZ2s="}},"uItDDzJilag65uFX7GlBselrfFVPA5pzwIibbW9ju7M=":{"valueMac":{"type":"Buffer","data":"/tCPt/3bBRKS2XErDerI0nqo1HJyLu5K3cReIxRyocE="}},"ppEHrHv7IR1/bO9bquus8eQewksHmuizKe/AZ8AkUVQ=":{"valueMac":{"type":"Buffer","data":"xoBWHcjG1SNLHPFCvq7a3b2HJ+TfZyfubqhApF4DQVo="}},"WFSktHmghxZrMQSeYFCq2CpRmGZ6lEaweu9PGhljdbw=":{"valueMac":{"type":"Buffer","data":"hP0VuQQarNLVOAgV9QUxVRGUUmsYihaOXVdH/LehHBg="}},"laanvUBU8u8L1ZmzewH2AtDwbdfJLcym8CZJBX8RlPo=":{"valueMac":{"type":"Buffer","data":"wA0/eHmd1Mcpw3Ke//Xz/fR4AgYgqVlacvIIKM3oE/Y="}},"m5iQKj0Q1p9OKOaF3bSIuF8wDgeR9hJPWfTbkF4cUtA=":{"valueMac":{"type":"Buffer","data":"RJeDiOtbs5t+8wDpAnuY06gyT+Pmu8u2WFnOxdmwz2I="}},"QwtxHwSoUCGe3P+cmQxYOaLNp3S4hZLjipgzTb/0Xic=":{"valueMac":{"type":"Buffer","data":"pFUFQYcZcuacKOMxHOAc3LBwQwVkWDkuVqkbU5BfapQ="}},"bcu8k+d5uHELrrU9np82N9AWGsfBDcRVM2WNHYa8lO8=":{"valueMac":{"type":"Buffer","data":"G9eaTwX3Oh/mX/WxAQ2KZkcF/sQCuLLLld0BlQyFVvQ="}},"a2bwNJpHX/x2Z6Dk5plxxEN4AYcnfPGwZWKUh7SXSjI=":{"valueMac":{"type":"Buffer","data":"hj1KYQt/fexTDhwRYeX1jlMujkE+kqrdnndnxT9hHrU="}},"ZUdi/cZaF7ozOTx5JbZUX6eWFORxbTW0b6ULuLu+WYc=":{"valueMac":{"type":"Buffer","data":"/AFQtMYploRe6fkfZV29jK4Xi60/F1w8LDAiosGUvYg="}},"aHnOxjqm7eXrijwuIYKmWiAT3m8jdY1hlQ7PzTEOdbU=":{"valueMac":{"type":"Buffer","data":"oBRtO+kPvNWWGNdbUItV6TIAGh4ezLVzjzs7laXyN1I="}},"598WSEluZeNlXLyflL3osTdkmzSY8VQjgD3SlpBJp88=":{"valueMac":{"type":"Buffer","data":"sdXwmimQJS44owlRkzgF0XVOYUF/IAZCh4+uKz5pbFQ="}},"/zhNYicCYTXFCYKOk5Ug5LGhIZxhadPQ8MTktOP+chc=":{"valueMac":{"type":"Buffer","data":"jnlrpnsJKJBSrYwpg3HH9qt24/xcTbf4cXPOh+NKO8Y="}}}}