{"version":2,"hash":{"type":"Buffer","data":"eZZZm7KSCIIWLWKp+AV2QVIjBvHjBmnzr6RQFtUWPFZ4b0ecV+/w4YqiFQ8/jMWwt4bmSkJYJ14LnP0rqiqPiM0P2ljp9IZEvtrQdbH83V67b7h5G7g/didhpRMza1oZILnTGGV+Cq8BG9B/OBRLDD1Cp4XiXeySIJNqTwokrpU="},"indexValueMap":{"U8pa/EiZ9O6lKt9fnYj9wvrh5O6D33D2diK8JezCx1U=":{"valueMac":{"type":"Buffer","data":"pFI3c/NeuRm+/QetOf43zb8BgObl0Orpq5jZYsyYPT8="}},"55ZsX4wOd56duXDPgiROC51RmELEw35/HkQRLjdOOVQ=":{"valueMac":{"type":"Buffer","data":"cJgejIiY0bEYiQ69cSvkAbHOrKS5FpF+t8uGTfRR5DA="}},"Mwkz5myrAP/sM7GefxKLrCMtmzL0Xwm/5fJt0NRncV0=":{"valueMac":{"type":"Buffer","data":"GRopcF3/CY1idpw7fqvKXjeaXklv/T7F8y5jW5m85+o="}},"lXtSTsNK0LJ/7bdfDiW9xLTQl2+gDXPPZrhagvHx62M=":{"valueMac":{"type":"Buffer","data":"3q7taKR4UJjz9eA6bx5b3Cwub1n+akoeaDkUhCOBKV8="}}}}