{"version":3,"hash":{"type":"Buffer","data":"5Ho+TGtYCUJWnTCxeShK5577Oq2tN/PvXjOYO/wyHstH0qDNCt1ubQVsuyBxBG9UvGaJD7QYmUQ5pjRufw4mRKetHhaFU+4Qmi6r6B7rwzf9hHmM63RaweZDxjZr/HtK5JzDxgoZjipJ5OOM4FlhaKbH3zG0bSCdfzcy5UyIGrg="},"indexValueMap":{"gJyh9xi0ukLteO/rYLqK+JkgZqp09CCAzzfv+I20Hcw=":{"valueMac":{"type":"Buffer","data":"x99uAUVdifp820QhnMdPL/UghV2lC7Kl7ixlhC88jpU="}},"+YFYnHwFkNIb5i+i57O8xwrwR5A5xfWZRvHbFY3tUY8=":{"valueMac":{"type":"Buffer","data":"iSBexlLyxYtPg31e2sSFy1nx+kumUW+KJQDSkZl2zeQ="}},"OuxTmGxDiYQAXUT5cs6jDA20d2XYlCWTKK8/nNRpEII=":{"valueMac":{"type":"Buffer","data":"ZMPzNX1+fbAidteJXz891guyLtunhiNXwjCoKGmdpoc="}},"ecnK7r6R/hO847zMJg9KvBCX/VhqdnV7FrF4WLNkn5Y=":{"valueMac":{"type":"Buffer","data":"Faegg7bicVWgOsr9YuMHfSaTceVKdDxmYBtZyTX5eDA="}},"3oOzQYUdByTHhGomL2vspaPki0rtDTpwXVyUG+KI2iI=":{"valueMac":{"type":"Buffer","data":"rIo3A4f9DfUCNPv0PGSKDLQbztMszoOFH3dOifQ7cbU="}},"QgUy1nt3U8LVoO0DMFd9eb5nNG+y4AuOrC/NP+0tMhM=":{"valueMac":{"type":"Buffer","data":"Sk0yAo2BRBakKOT6FHke4yU6f6lqu5+kCcjhhs60QMc="}},"f43ry3hl/wQ68VTzfTsbJopGC9GJNG4qq0yWSES3ydY=":{"valueMac":{"type":"Buffer","data":"ZcfwNIFDLRIRMjLSZ7OWiXzJXn6ctZ1GdnDeJ157Mdc="}},"rkATkgkfnlwswTbM/ggEJiEDna/aG1F/bN2995aFftk=":{"valueMac":{"type":"Buffer","data":"XXYdFVkmb83X62evh9kGSe0KlSSqKRqhMZWo5o9U1e4="}},"lx44L2vxl0HV23CuGZmW9IlCfI2yyxUZn3F+KrZRcIo=":{"valueMac":{"type":"Buffer","data":"OcViKPQ5h/jWb+kQXLzs2egqjNO/MwxVMRYXeCooa5s="}},"LLDvETP+/jKgMDMxeR5C/EB+IAVlVwP+EfVgDNXHmFA=":{"valueMac":{"type":"Buffer","data":"QRXrNeUB97NKTRBGDZ4hnYCzUhm5vRO0wm8k2xuk0Yg="}},"0so9Di0Sh5o/ur2PgV9orbW/nGNfhpRQSE9f9TaAppg=":{"valueMac":{"type":"Buffer","data":"MdE0OAFijw6HjEAgc3satgvaQ7vgNr3XP7xsPfFqRtU="}},"42ZhKBAZaI/Wd+eAP8xx7+v4y/SRSE8eCFwxC/+3HaM=":{"valueMac":{"type":"Buffer","data":"SE8T+j+mb8WUSAwcn7rmWUmDRQJeJuE6qECAnYfgJk8="}},"qrl8j+oCj0BU44W4rcwgtEMp/cBFRBaLx71QTLF4liY=":{"valueMac":{"type":"Buffer","data":"+H3FIcB6kyY7+4BjP6eJaV/l9BLLaH9vrRQ+WLvrNqc="}},"r+DSjBi/CM145Z9z8vEBPJHEceFmcgvK9WjDjMYbqKY=":{"valueMac":{"type":"Buffer","data":"8uZwLORKZiBlnzTGW809dq+pPlMgPNc9TZjdCeA8iLY="}},"350giojQXsP2Vhta3zgAaFBvPUHeP/gMX38Y7aEQ6e4=":{"valueMac":{"type":"Buffer","data":"eVyKDscf1aODkgFe+R46qsdeatLyu+zCiOnWtlfqj2w="}},"esOLuGgvO8MykfWSegZ7Ju0Y6xAuBSN557i7SSmvCaE=":{"valueMac":{"type":"Buffer","data":"uobT8sOa0kT8hgXL7+kwC9fcvG6fFcOiPV6m/CJtUBo="}},"AoEg6uEUg69+VWrQBG5K0Mj915rQIz1BQULqp9kTvn8=":{"valueMac":{"type":"Buffer","data":"7mN5+vBmids6CXCRW6a++lBmTIEp3H3PfsbOySsRekU="}},"vvzA9TYa2p/Mh9jrS5oOh/9/q4mfaA/i+I4E7UNjiIg=":{"valueMac":{"type":"Buffer","data":"w0T9lsvm/Mz/fpcnm/olv83TsMG5hI8lvpu0TF2i1N4="}},"OPrF9wl6y6ge24aJHCTnvCIVcTsApeGz3gscq2Z331Q=":{"valueMac":{"type":"Buffer","data":"jPiRtTjbHw3reBqbVB5vPDFo+x5t0KSUCJOGRrY02M4="}},"L2z4hcshcUKUyKtDJ59wlppPQHlY0wGMr+6gKr8ekhg=":{"valueMac":{"type":"Buffer","data":"WFlWR4KG+/m7yvlPpJ/iZz7mtyiYB9wv4sTtFUGlX7s="}},"PtZwb0/Sur7qDyKXc78UviHXns6eHUdB+K3KL/8ldkU=":{"valueMac":{"type":"Buffer","data":"gnxBRFMVAsCAsYzNH38po2E3sLRVlXKmeMHiXDFAbSk="}},"SF1fmGS72TFIyajAXFEx+qMOlgeVhY6c/nL+rlJdiGY=":{"valueMac":{"type":"Buffer","data":"Co9AwvIPviYdJyls4G5Pa3mJnVI2Cn+XHZBxfdoBl64="}},"5sZfOJAbBYRFux+/bJf0Flq8mWcgNmdA5aYGPqcB4BM=":{"valueMac":{"type":"Buffer","data":"kXePPh7BA8ohk6+UVks7/XSCGPx9DCtIxAnOz8K5M6E="}},"cxjWSqEm3wjXy8eKSSo+9IR7AHUiNMosL6DSKb8FQOk=":{"valueMac":{"type":"Buffer","data":"YpAGSKz7wuJRB/s+dnTXp2049iFUsRzL3TB2XNlciFA="}},"kMhZRWFUKHPIALxitN/jfPwujgxNQDOP4HPV/hRydQw=":{"valueMac":{"type":"Buffer","data":"lC1JkwZblTi16hC0dOupltmwaPW0DDeT8LU8ntC9HXo="}}}}