{"noiseKey":{"private":{"type":"Buffer","data":"EGObYCjAwKQElb5VdILk7cnnZILYapCbue5O9fd9qUM="},"public":{"type":"Buffer","data":"V2JZ0vvklZW7/jdwSEuMhOBsAqB3btjIcvIqcuFDd1Y="}},"pairingEphemeralKeyPair":{"private":{"type":"Buffer","data":"OBgjtQ3Oe9NHNjg3lPzkm1G5jxk9dshNrP0mBupBeHI="},"public":{"type":"Buffer","data":"wuPumxI4IXpl/0oV0vv6OWCXRqv+on67k5gXYz4+gz8="}},"signedIdentityKey":{"private":{"type":"Buffer","data":"0J5erbMBLyqe/Lsb2rN9psiKpwqEWRBtmPucgGrwBGc="},"public":{"type":"Buffer","data":"wha6lY1DFIjNGeOU/4QEki20KhjmP2e8cwGb2qEdxm0="}},"signedPreKey":{"keyPair":{"private":{"type":"Buffer","data":"SO5zofyry3TMceyhKekwjYi9sJK7ZTd0myeE10XCHUk="},"public":{"type":"Buffer","data":"DeGqvBHcbY4O1ux5R1Uq9ozJRhU7qsnwJmREfLoUtng="}},"signature":{"type":"Buffer","data":"PwdaB/TDyzT9pNX0bx6ssX/7Zc3pM0MzgsbBwFUgYk1jQVLmuLgaQaFV1cWgUmbFs/YbC7whbdOof4vbW48gBA=="},"keyId":1},"registrationId":255,"advSecretKey":"0AtwnJr5DKe1yBtaAlQfS3y/zInMpdtJXBuk8WeoPDA=","processedHistoryMessages":[{"key":{"remoteJid":"555195699453@s.whatsapp.net","fromMe":true,"id":"3A93D92580D35840C366","participant":"555195699453@s.whatsapp.net"},"messageTimestamp":1718475504},{"key":{"remoteJid":"555195699453@s.whatsapp.net","fromMe":true,"id":"3A9F07816D65F3988486","participant":"555195699453@s.whatsapp.net"},"messageTimestamp":1718475509},{"key":{"remoteJid":"555195699453@s.whatsapp.net","fromMe":true,"id":"3AA82F71E067C6F59972","participant":"555195699453@s.whatsapp.net"},"messageTimestamp":1718475516},{"key":{"remoteJid":"555195699453@s.whatsapp.net","fromMe":true,"id":"3A2A39B1725E0A9D514F","participant":"555195699453@s.whatsapp.net"},"messageTimestamp":1718475526},{"key":{"remoteJid":"555195699453@s.whatsapp.net","fromMe":true,"id":"3A8B4DC4CAF46C98A6FD","participant":"555195699453@s.whatsapp.net"},"messageTimestamp":1718475530},{"key":{"remoteJid":"555195699453@s.whatsapp.net","fromMe":true,"id":"3A632291DDED8550ABD2","participant":"555195699453@s.whatsapp.net"},"messageTimestamp":1718475534},{"key":{"remoteJid":"555195699453@s.whatsapp.net","fromMe":true,"id":"3ACDE778FCBC857C1C19","participant":"555195699453@s.whatsapp.net"},"messageTimestamp":1718475543},{"key":{"remoteJid":"555195699453@s.whatsapp.net","fromMe":true,"id":"3A4D9E49468E6D468A43"},"messageTimestamp":1718475543},{"key":{"remoteJid":"555195699453@s.whatsapp.net","fromMe":true,"id":"3A840AAA5E006A97E597"},"messageTimestamp":1718475547},{"key":{"remoteJid":"555195699453@s.whatsapp.net","fromMe":true,"id":"3A24A212A9F9532890A0","participant":"555195699453@s.whatsapp.net"},"messageTimestamp":1718475556},{"key":{"remoteJid":"555195699453@s.whatsapp.net","fromMe":true,"id":"3AD77593F24311E7527A"},"messageTimestamp":1718475556},{"key":{"remoteJid":"555195699453@s.whatsapp.net","fromMe":true,"id":"3ADA7388C97E35002DF0","participant":"555195699453@s.whatsapp.net"},"messageTimestamp":1718475560},{"key":{"remoteJid":"555195699453@s.whatsapp.net","fromMe":true,"id":"3AD2BDD102EB03323DBF","participant":"555195699453@s.whatsapp.net"},"messageTimestamp":1718475565},{"key":{"remoteJid":"555195699453@s.whatsapp.net","fromMe":true,"id":"3A2604422489F05A710B","participant":"555195699453@s.whatsapp.net"},"messageTimestamp":1718475573},{"key":{"remoteJid":"555195699453@s.whatsapp.net","fromMe":true,"id":"3A7DD3678305B1961D5A"},"messageTimestamp":1718475573},{"key":{"remoteJid":"555195699453@s.whatsapp.net","fromMe":true,"id":"3A2FAD5FD8660E73C54D","participant":"555195699453@s.whatsapp.net"},"messageTimestamp":1718475577},{"key":{"remoteJid":"555195699453@s.whatsapp.net","fromMe":true,"id":"3AA1DEEB9BE0721F1D05","participant":"555195699453@s.whatsapp.net"},"messageTimestamp":1718475581},{"key":{"remoteJid":"555195699453@s.whatsapp.net","fromMe":true,"id":"3A1E9565022C5A3FB701"},"messageTimestamp":1718475586},{"key":{"remoteJid":"555195699453@s.whatsapp.net","fromMe":true,"id":"3A2A17E280EB33327C9B"},"messageTimestamp":1718475586},{"key":{"remoteJid":"555195699453@s.whatsapp.net","fromMe":true,"id":"3A34AEA9D7334EE8DD99"},"messageTimestamp":1718475586}],"nextPreKeyId":31,"firstUnuploadedPreKeyId":31,"accountSyncCounter":1,"accountSettings":{"unarchiveChats":false},"deviceId":"ztytl2soTLKLaKIgNeQHHQ","phoneId":"b3c4287d-2027-4c4c-8f33-88a92bd1619a","identityId":{"type":"Buffer","data":"17zqYBK9sw38FEFXnVxU01AebIw="},"registered":false,"backupToken":{"type":"Buffer","data":"cjPnlyqlH6lqxQlQOefHsFcPzWw="},"registration":{},"account":{"details":"CNTlnT0Q6bW3swYYAiAAKAA=","accountSignatureKey":"An4Tet5CwyHckk9JhDCcIv6cFE8xRP+tnPu1W12LN1M=","accountSignature":"i3U8rCOrUcplI01HbgeGbV5wYqelYSktphd3sVGLEsDQZrPXOJBkIGzR0uxoR0oKIwJ39nCZrkklBFUovE7gjg==","deviceSignature":"b5snNbMXFQsrGn58ZJ0D8/Mrw5/68Kr0N83uunc+V+YlEyJAOk8Ad+uBejGBMq7xXOOErDBya+hbqIlbGFv8Aw=="},"me":{"id":"555195699453:6@s.whatsapp.net","lid":"274671966666868:6@lid","name":"Luis Henrique"},"signalIdentities":[{"identifier":{"name":"555195699453:6@s.whatsapp.net","deviceId":0},"identifierKey":{"type":"Buffer","data":"BQJ+E3reQsMh3JJPSYQwnCL+nBRPMUT/rZz7tVtdizdT"}}],"platform":"iphone","lastAccountSyncTimestamp":1718475897,"myAppStateKeyId":"AAAAAPPQ"}