{"_sessions":{"BcA+YJkIYd+UJIPlbvUCBpXuJTA1zEIyb8GZzKNRrGYS":{"registrationId":318216334,"currentRatchet":{"ephemeralKeyPair":{"pubKey":"BQTYVM2K2hsDqfjolEEn+eQ5P7siGL7bJGliACS2xX0Y","privKey":"yDSLrpZr0nMA2faje/hpz3UvMngsYD5/uABOXVdSlmI="},"lastRemoteEphemeralKey":"BcQawg1kzSJh7H9ZMRuRWC2YSwNAMZG6nsY1FPu3If8o","previousCounter":2,"rootKey":"U8BblpkAfH2OA7/JLZqMHtLrPTmNPT6rJeZGDjPs9hc="},"indexInfo":{"baseKey":"BcA+YJkIYd+UJIPlbvUCBpXuJTA1zEIyb8GZzKNRrGYS","baseKeyType":2,"closed":-1,"used":1718476939567,"created":1718475548084,"remoteIdentityKey":"Be1Ha18BOJYSLUS3gJIzGcJg3We6aCRDc2q2TPjJxPE9"},"_chains":{"BXq+SNTKdpsHSFyCjZs4wzgGwMbFw003rldmvWzgjFt/":{"chainKey":{"counter":3},"chainType":2,"messageKeys":{}},"Bc2O0xPmU7gXmbDdPzVdFK1tGok/k+pjwi4e3r6zu2AY":{"chainKey":{"counter":6},"chainType":2,"messageKeys":{}},"BT2vN5ns4avYcq5QSIy2xBU/SvRNdtU8C8pyIWklOJQ9":{"chainKey":{"counter":1},"chainType":2,"messageKeys":{}},"BWTsZXxtQJmdcpnZJvMPWdt+drwp7kWCg3qIfRmZ1wYh":{"chainKey":{"counter":16},"chainType":2,"messageKeys":{}},"BUCwtuA1e5m5OSJe0ivRodBWSPrQrOExpN/wwm6MePZ6":{"chainKey":{"counter":2},"chainType":2,"messageKeys":{}},"Ba1ZpkXCEnHyTT99lDV1WVH6JAvbXhhFbj+oP4xHvvBK":{"chainKey":{"counter":23},"chainType":2,"messageKeys":{}},"BcQawg1kzSJh7H9ZMRuRWC2YSwNAMZG6nsY1FPu3If8o":{"chainKey":{"counter":0,"key":"EuGCleRzI3i1tbL94pdUUKhwoCMDbKXm+kUCy4BO70Y="},"chainType":2,"messageKeys":{}},"BQTYVM2K2hsDqfjolEEn+eQ5P7siGL7bJGliACS2xX0Y":{"chainKey":{"counter":-1,"key":"3fQv1cVJtU7m1x+HIPucsZ3cXEBwc9o1mvImo90X4eU="},"chainType":1,"messageKeys":{}}}}},"version":"v1"}