{"_sessions":{"BTIqFRFWro96Rh04AzWOCxmz5sPmjKVEOUkZLra0K+JH":{"registrationId":274499620,"currentRatchet":{"ephemeralKeyPair":{"pubKey":"BRWnQ1AbXdSVbTYHKDf9aiLXDLBbepGWFbMby8zX21E0","privKey":"mPFM1egdy/gRekkaYIv4FTE6EhjcufuX2E0/Upvg7l8="},"lastRemoteEphemeralKey":"BWiyXqwg5DsJx1wpK29Y8UQpup658ZAqylHtZVouVc4m","previousCounter":0,"rootKey":"zGoW4SAWNJkJURi9mwHZzxxYfHCtw6A3FdpySEarXvk="},"indexInfo":{"baseKey":"BTIqFRFWro96Rh04AzWOCxmz5sPmjKVEOUkZLra0K+JH","baseKeyType":1,"closed":-1,"used":1718476467600,"created":1718476467600,"remoteIdentityKey":"BTmnfYEvCu1tVvhcEqSujzmnfeagxjjEV04IqgWM15pL"},"_chains":{"BRWnQ1AbXdSVbTYHKDf9aiLXDLBbepGWFbMby8zX21E0":{"chainKey":{"counter":0,"key":"2SeJj3Fsw2vIwSRwcZkGJgJuP/WHlVq1uyrCQkBhpUQ="},"chainType":1,"messageKeys":{}}},"pendingPreKey":{"signedKeyId":5,"baseKey":"BTIqFRFWro96Rh04AzWOCxmz5sPmjKVEOUkZLra0K+JH","preKeyId":12323944}}},"version":"v1"}