{"_sessions":{"BdvOhoH0hKVPvIUzRxXkGe9zxlaXlwTSGObdxNFFyA1X":{"registrationId":1860614482,"currentRatchet":{"ephemeralKeyPair":{"pubKey":"BdQeQb1sWDIBoD3HnBx8D/kR9uz7M5lyvsi/8yT/WhQQ","privKey":"eNUwl6THHlbDMY2F3im+uX79DvVf+FjN2cqOhP/mz00="},"lastRemoteEphemeralKey":"BamIGykGqo2l81DgrnXggxyBTYEIp1CrQ3BIv2OoJdtT","previousCounter":0,"rootKey":"//Vz5h71Tx4c5clbCq8d/K94odJa+c1QgyrSrK/SzTY="},"indexInfo":{"baseKey":"BdvOhoH0hKVPvIUzRxXkGe9zxlaXlwTSGObdxNFFyA1X","baseKeyType":2,"closed":-1,"used":1718476389423,"created":1718476389422,"remoteIdentityKey":"BdNR5uRUda49yzlAhH2aYrcfAYaf1+UxHpiBl7H6ioIw"},"_chains":{"BamIGykGqo2l81DgrnXggxyBTYEIp1CrQ3BIv2OoJdtT":{"chainKey":{"counter":0,"key":"EM4fzSR6x2mfgohaf3b9517/IsIyIYA/UN0zL2eSO3o="},"chainType":2,"messageKeys":{}},"BdQeQb1sWDIBoD3HnBx8D/kR9uz7M5lyvsi/8yT/WhQQ":{"chainKey":{"counter":0,"key":"2eyDmFFwfLcrtYiHHPHDFsfwQoLQMNfohbgv++Y5xsU="},"chainType":1,"messageKeys":{}}}}},"version":"v1"}