{"_sessions":{"BTdhk5mhrTz/727V3pYS1+nUa46d7ENEdJx9l+F6SB5D":{"registrationId":177715043,"currentRatchet":{"ephemeralKeyPair":{"pubKey":"BUq7lPMt0EWpmWJ9FQ91G3E1qIeraIzQLpxunidgqsMr","privKey":"sGh9q2WG7jnoIiECmrTKxJ8qYWq4Wd27fgSxOzmLA3g="},"lastRemoteEphemeralKey":"BRJ0sMqRpfMvm1O1FfRdgwz12i6GMxNhh+YYut0a7LF7","previousCounter":0,"rootKey":"5JpBlxoi7teYmd5T5PfCngW6CaoB6qvd4xwIfMCWOYk="},"indexInfo":{"baseKey":"BTdhk5mhrTz/727V3pYS1+nUa46d7ENEdJx9l+F6SB5D","baseKeyType":2,"closed":-1,"used":1718476352793,"created":1718476352793,"remoteIdentityKey":"BVs+reZ5PeoNCA+hYoKaifK2CUvX6lB5DJwYjmNKZJsl"},"_chains":{"BRJ0sMqRpfMvm1O1FfRdgwz12i6GMxNhh+YYut0a7LF7":{"chainKey":{"counter":0,"key":"7Diz9EGifX2Z0oim0ATogpn4mr1OzM9NYLka/4C97wE="},"chainType":2,"messageKeys":{}},"BUq7lPMt0EWpmWJ9FQ91G3E1qIeraIzQLpxunidgqsMr":{"chainKey":{"counter":0,"key":"Yjp4+Qrsg7zXT79+xo45PBFvjw3bgLc2OihgNyJ6yyg="},"chainType":1,"messageKeys":{}}}}},"version":"v1"}