{"_sessions":{"BWH6dU/U4FdOn5N1f1iUzYlIKWVBr76TKatle91rOqcH":{"registrationId":113,"currentRatchet":{"ephemeralKeyPair":{"pubKey":"BaC76jB5ehsrGCenpHuFwHKFI4I6/Yw0Y394IctVhSBQ","privKey":"MAjLUp7kz6xFowXMCIbUgoCXYRFOY9usVuDZP9xECVU="},"lastRemoteEphemeralKey":"BYaYcLv0OUy6QM90XhGlHUTWDKXKmOzyNul3a2aI/RVm","previousCounter":0,"rootKey":"Kowx3P49uniagIJam842O2RzFF4NkiuyAmzzEngM7y4="},"indexInfo":{"baseKey":"BWH6dU/U4FdOn5N1f1iUzYlIKWVBr76TKatle91rOqcH","baseKeyType":1,"closed":-1,"used":1718475522105,"created":1718475522105,"remoteIdentityKey":"BT/Y3Kuw1gBfz0PQuKudt9K2+AE+dZJbOXvK0vYEKR10"},"_chains":{"BaC76jB5ehsrGCenpHuFwHKFI4I6/Yw0Y394IctVhSBQ":{"chainKey":{"counter":15,"key":"4/583csrK9X7f1QwQZrHA2OjCfs9zwmWXHWjSAtN3R4="},"chainType":1,"messageKeys":{}}},"pendingPreKey":{"signedKeyId":1,"baseKey":"BWH6dU/U4FdOn5N1f1iUzYlIKWVBr76TKatle91rOqcH","preKeyId":28}}},"version":"v1"}