{"_sessions":{"BTiQfdKA0Mgim0j3JXp9tWO+rAKfavCcmxO+VlFR/OtN":{"registrationId":778493858,"currentRatchet":{"ephemeralKeyPair":{"pubKey":"BU5Ax3ZBU5PFoSAAn5nq7GFtA7a+S3RDeIxQU8lMLao/","privKey":"+DLpecK1SgLu7xd6+a7x2w6onEq/ny5XYv1hMi6zn18="},"lastRemoteEphemeralKey":"BTPyx1wdKRoTur6jrYJQTBM9O0WvgT1RfiietbOuiuIU","previousCounter":0,"rootKey":"hsOVMMhjG2FcT3RZ/zqfK3VI/8vxf+Hfxj0BG5kVsNA="},"indexInfo":{"baseKey":"BTiQfdKA0Mgim0j3JXp9tWO+rAKfavCcmxO+VlFR/OtN","baseKeyType":2,"closed":-1,"used":1718477135946,"created":1718475502036,"remoteIdentityKey":"BQJ+E3reQsMh3JJPSYQwnCL+nBRPMUT/rZz7tVtdizdT"},"_chains":{"BbJ5KYt3IARwn1TnFY4J+MsrtRNFHiM5p2Ohb82f2E94":{"chainKey":{"counter":7},"chainType":2,"messageKeys":{}},"BSuegUJq++ygVkAzt1FOBqpZyx5O2wL/EQk+lir8vlJr":{"chainKey":{"counter":29},"chainType":2,"messageKeys":{}},"BTaiQEDvVSXwhhvdd+U9uhu85k6lsq9YvooLfiYIC7Y4":{"chainKey":{"counter":10},"chainType":2,"messageKeys":{}},"BTSDt9INkhNKjGwMlsuA+8smMH9NQg4zrYAiPw7c1x53":{"chainKey":{"counter":5},"chainType":2,"messageKeys":{}},"BbfBuwjwDGvq4NFcZTXDrbtQcqkDNscjH8GxDYo3D/AA":{"chainKey":{"counter":24},"chainType":2,"messageKeys":{}},"BVwZRHAqXWQWyNNHds50NERb/Q9UUC1KyGWE3ij+a/kU":{"chainKey":{"counter":1},"chainType":2,"messageKeys":{}},"BZFAr8awmqMoug3LSTh373a5PhlTqzBZa63vypyw5nhK":{"chainKey":{"counter":2},"chainType":2,"messageKeys":{}},"BXJBzE9x8PI14rWTSke1niO/cuD/Sol8+TdBPMLXayot":{"chainKey":{"counter":4},"chainType":2,"messageKeys":{}},"BXUcEI0Q8Higtz0tE4Gh+Raj1NHzUaK8gAeFPoydqBwr":{"chainKey":{"counter":11},"chainType":2,"messageKeys":{}},"BdpuJPaHGj0MUsm/9luqix0H1eCfLHhBBOaF1xZ9L9sb":{"chainKey":{"counter":4},"chainType":2,"messageKeys":{}},"BYMnmAow3vvItG+h05Vec8fkuz8HD+CZga5MKhEoUb1/":{"chainKey":{"counter":0},"chainType":2,"messageKeys":{}},"BbCoV+lA0J9ZeU8e6xZBbwnpOvtwR02R5awjv6yfbWoF":{"chainKey":{"counter":10},"chainType":2,"messageKeys":{}},"BZDEU4DTv8FZP5uct7bg/AQGRH9lwwH3nnw+uB3gHBtc":{"chainKey":{"counter":1},"chainType":2,"messageKeys":{}},"BTPyx1wdKRoTur6jrYJQTBM9O0WvgT1RfiietbOuiuIU":{"chainKey":{"counter":2,"key":"SQjCRXnb2aMMO1RHQ/WnvltNH9evFITE8Stj3+m3cIQ="},"chainType":2,"messageKeys":{"1":"VDlxSTNAboVxnqq5LRHaYzdAfmiTxPfq04QgwJKZdfo="}},"BU5Ax3ZBU5PFoSAAn5nq7GFtA7a+S3RDeIxQU8lMLao/":{"chainKey":{"counter":-1,"key":"kdRboclfyaZSUYPoDosdBbDwdzsBdPoMn4rOBrXCjP8="},"chainType":1,"messageKeys":{}}}}},"version":"v1"}