{"_sessions":{"Bcq5Lkz1FfyrKjYMz5Baom6pXYdZh5B9Vghq8RAIE4ks":{"registrationId":1361310475,"currentRatchet":{"ephemeralKeyPair":{"pubKey":"BUDhY9tsQ5w0UcW5oHBpo77FWrAHvzxovMbWCvGuQsBO","privKey":"oH63k46/3/RFbCj0EoEf3BZE9cGFKWCvi7rWh1N+D3I="},"lastRemoteEphemeralKey":"BclzB0B5NgqeDud23/jeSo492jhL10CBVLnutdMRgF9t","previousCounter":0,"rootKey":"39IsidUqZGp2VLHn/D7Qe1jMnp0P8Y1bgPHnVogrFZY="},"indexInfo":{"baseKey":"Bcq5Lkz1FfyrKjYMz5Baom6pXYdZh5B9Vghq8RAIE4ks","baseKeyType":1,"closed":-1,"used":1718476552355,"created":1718476552355,"remoteIdentityKey":"BRBGmgBo7ZjqVRyWKyIweSKnx+VMqI4xC+3wNFjnYiAW"},"_chains":{"BUDhY9tsQ5w0UcW5oHBpo77FWrAHvzxovMbWCvGuQsBO":{"chainKey":{"counter":1,"key":"oyXHxLA9sfB87afThwdQGNWOwYz/cupBRYN+IemQHZE="},"chainType":1,"messageKeys":{}}},"pendingPreKey":{"signedKeyId":17,"baseKey":"Bcq5Lkz1FfyrKjYMz5Baom6pXYdZh5B9Vghq8RAIE4ks","preKeyId":16420995}}},"version":"v1"}