{"_sessions":{"BeaXWaBOcPyHKXNlhvK0OHjWnXVwznf05nad55xpVrI8":{"registrationId":162784822,"currentRatchet":{"ephemeralKeyPair":{"pubKey":"BbYrXb0QPukj6DNZdRfqCo0wn6mlROL+0WEepQpSiF15","privKey":"IKVu3E1ECyC1CCaHFzEF2d8QrwzFnWlttD1WbrF1TGc="},"lastRemoteEphemeralKey":"BSY+nDloFJHPhR9zj5wGclO2XqPMjqyqhJ5L8P9622UZ","previousCounter":0,"rootKey":"czYNnFNtz6SOvMk/U7oi49OsvY0hFxKNjg05OVi9Bso="},"indexInfo":{"baseKey":"BeaXWaBOcPyHKXNlhvK0OHjWnXVwznf05nad55xpVrI8","baseKeyType":1,"closed":-1,"used":1718475522118,"created":1718475522118,"remoteIdentityKey":"BUGUF/07F3OuHjUECrIT9158ChkRBNImzpOawylRYCQt"},"_chains":{"BbYrXb0QPukj6DNZdRfqCo0wn6mlROL+0WEepQpSiF15":{"chainKey":{"counter":3,"key":"WPlzexI7foS1lSXkVnz9XF0Mn3nH1Ao0FXVuFrsnHo8="},"chainType":1,"messageKeys":{}}},"pendingPreKey":{"signedKeyId":3083471,"baseKey":"BeaXWaBOcPyHKXNlhvK0OHjWnXVwznf05nad55xpVrI8"}}},"version":"v1"}